               epoch,      train/box_loss,      train/obj_loss,      train/cls_loss,   metrics/precision,      metrics/recall,     metrics/mAP_0.5,metrics/mAP_0.5:0.95,        val/box_loss,        val/obj_loss,        val/cls_loss,               x/lr0,               x/lr1,               x/lr2
                   0,            0.056868,            0.069986,                   0,              0.2967,             0.39765,             0.23947,             0.06745,            0.015317,            0.013416,                   0,           0.0033315,           0.0033315,            0.070016
                   1,            0.040272,             0.05018,                   0,             0.83631,             0.70924,             0.77984,             0.32503,            0.010734,           0.0082829,                   0,           0.0065181,           0.0065181,            0.039869
                   2,            0.036796,            0.044964,                   0,             0.80368,             0.71765,             0.77135,             0.30909,            0.011926,           0.0074929,                   0,           0.0091389,           0.0091389,            0.009157
                   3,             0.03362,            0.041182,                   0,              0.9005,             0.83965,             0.90587,             0.39184,           0.0092383,            0.006386,                   0,            0.008145,            0.008145,            0.008145
                   4,            0.030439,             0.03965,                   0,             0.90363,             0.89825,             0.93946,              0.4825,           0.0084092,           0.0059452,                   0,            0.008145,            0.008145,            0.008145
                   5,             0.02872,             0.03974,                   0,             0.93745,             0.88668,             0.94087,             0.50769,           0.0077512,           0.0057081,                   0,           0.0068906,           0.0068906,           0.0068906
                   6,             0.02686,            0.037188,                   0,             0.93454,             0.92269,             0.95889,             0.54108,           0.0072863,           0.0054574,                   0,              0.0055,              0.0055,              0.0055
